start,steps
"Айнуз, Карим",
Подкаменское муниципальное образование,
"Филатченков, Иван Васильевич",
Дреновица,
Доля (Луганская область),
Зеленощёкий амазон,
Территориальное аббатство Святой Троицы (Кава-де-Тиррени),
Юриха (Удмуртия),
"Котипелто, Тимо",
Рондуки,
Зимние праздники в космосе,
"Джонс, Тайс",
"Джайнаков, Ибраим Джайнакович",
Амхери,
Фердинанд I Справедливый,
Тоба (вулкан),
Новая Зардама,
Шомера,
"Майер, Тобиас",
"Я ничего не знаю, но всё скажу",
День радио (спектакль),
"Феличиано, Джованни Бернардо",
Big Eyes,
Сборная Фиджи по футболу,
"Хамди, Хассан",
ВНБА в сезоне 2011,
Холланд (Миннесота),
Alcazar,
Плотва (приток Холка),
Международный аэропорт имени Аристидиша Перейры,
